-- phpMyAdmin SQL Dump
-- version 5.0.2
-- https://www.phpmyadmin.net/
--
-- Host: 127.0.0.1
-- Generation Time: Dec 23, 2020 at 07:35 AM
-- Server version: 10.4.14-MariaDB
-- PHP Version: 7.2.33

SET SQL_MODE = "NO_AUTO_VALUE_ON_ZERO";
START TRANSACTION;
SET time_zone = "+00:00";


/*!40101 SET @OLD_CHARACTER_SET_CLIENT=@@CHARACTER_SET_CLIENT */;
/*!40101 SET @OLD_CHARACTER_SET_RESULTS=@@CHARACTER_SET_RESULTS */;
/*!40101 SET @OLD_COLLATION_CONNECTION=@@COLLATION_CONNECTION */;
/*!40101 SET NAMES utf8mb4 */;

--
-- Database: `tours`
--

-- --------------------------------------------------------

--
-- Table structure for table `admin`
--

CREATE TABLE `admin` (
  `id` int(11) NOT NULL,
  `UserName` varchar(100) DEFAULT NULL,
  `Password` varchar(100) DEFAULT NULL,
  `updationDate` timestamp NULL DEFAULT NULL
) ENGINE=InnoDB DEFAULT CHARSET=latin1;

--
-- Dumping data for table `admin`
--

INSERT INTO `admin` (`id`, `UserName`, `Password`, `updationDate`) VALUES
(1, 'admin', 'f925916e2754e5e03f75dd58a5733251', '2017-05-13 11:18:49');

-- --------------------------------------------------------

--
-- Table structure for table `book`
--

CREATE TABLE `book` (
  `id` int(100) NOT NULL,
  `name` varchar(200) NOT NULL,
  `email` varchar(150) NOT NULL,
  `phone` varchar(100) NOT NULL,
  `nationality` varchar(200) NOT NULL,
  `travelPeriod` varchar(100) NOT NULL,
  `personnel` varchar(100) NOT NULL,
  `indicator` varchar(200) NOT NULL,
  `interest` varchar(200) NOT NULL,
  `message` varchar(255) NOT NULL
) ENGINE=InnoDB DEFAULT CHARSET=utf8mb4;

--
-- Dumping data for table `book`
--

INSERT INTO `book` (`id`, `name`, `email`, `phone`, `nationality`, `travelPeriod`, `personnel`, `indicator`, `interest`, `message`) VALUES
(1, 'kazungu ', 'stevenviko@gmail.com', '+256773892882', 'Ugandan', 'August', '4', '$1000-2000', 'Gorilla Tracking', 'hi');

-- --------------------------------------------------------

--
-- Table structure for table `car_booking`
--

CREATE TABLE `car_booking` (
  `id` int(100) NOT NULL,
  `name` varchar(200) NOT NULL,
  `phone` varchar(150) NOT NULL,
  `email` varchar(100) NOT NULL,
  `fromdate` varchar(200) NOT NULL,
  `todate` varchar(250) NOT NULL,
  `carname` varchar(100) NOT NULL,
  `carid` int(200) NOT NULL,
  `message` varchar(200) NOT NULL
) ENGINE=InnoDB DEFAULT CHARSET=utf8mb4;

--
-- Dumping data for table `car_booking`
--

INSERT INTO `car_booking` (`id`, `name`, `phone`, `email`, `fromdate`, `todate`, `carname`, `carid`, `message`) VALUES
(1, 'w', '+254773892882', 'salah@salah.com', '2020-12-11', '2020-12-18', '', 0, 'nnn'),
(2, 'kazungu ', '+256773892882', 'stevenviko@gmail.com', '2020-12-11', '2020-12-18', 'BMW 5 Series', 2, 'ss'),
(3, 'kazungu ', '+256773892882', 'salah@salah.com', '2020-12-11', '2020-12-26', 'BMW 5 Series', 2, 'hshsh');

-- --------------------------------------------------------

--
-- Table structure for table `items`
--

CREATE TABLE `items` (
  `id` int(22) NOT NULL,
  `name` varchar(100) NOT NULL,
  `type` varchar(150) NOT NULL,
  `features` varchar(100) NOT NULL,
  `location` varchar(200) NOT NULL,
  `price` int(100) NOT NULL,
  `details` mediumtext NOT NULL,
  `image` varchar(255) NOT NULL,
  `creation_date` timestamp NOT NULL DEFAULT current_timestamp(),
  `update_date` timestamp NULL DEFAULT NULL ON UPDATE current_timestamp()
) ENGINE=InnoDB DEFAULT CHARSET=utf8mb4;

--
-- Dumping data for table `items`
--

INSERT INTO `items` (`id`, `name`, `type`, `features`, `location`, `price`, `details`, `image`, `creation_date`, `update_date`) VALUES
(1, 'house', '1', 'new 3bed rooms', 'luzira', 200000, 'best construction managed by kazuke and its well within your budgetbest construction managed by kazuke and its well within your budgetbest construction managed by kazuke and its well within your budgetbest construction managed by kazuke and its well within your budgetbest construction managed by kazuke and its well within your budgetbest construction managed by kazuke and its well within your budgetbest construction managed by kazuke and its well within your budgetbest construction managed by kazuke and its well within your budgetbest construction managed by kazuke and its well within your budget', 'f7.jpg', '2020-11-04 08:21:38', NULL),
(2, 'house', '1', 'new 3bed rooms', 'luzira', 200000, 'best construction managed by kazuke and its well within your budgetbest construction managed by kazuke and its well within your budgetbest construction managed by kazuke and its well within your budgetbest construction managed by kazuke and its well within your budgetbest construction managed by kazuke and its well within your budgetbest construction managed by kazuke and its well within your budgetbest construction managed by kazuke and its well within your budgetbest construction managed by kazuke and its well within your budgetbest construction managed by kazuke and its well within your budget', 'f7.jpg', '2020-11-04 20:49:12', NULL),
(3, 'house', '1', 'new 3bed rooms', 'luzira', 200000, 'best construction managed by kazuke and its well within your budgetbest construction managed by kazuke and its well within your budgetbest construction managed by kazuke and its well within your budgetbest construction managed by kazuke and its well within your budgetbest construction managed by kazuke and its well within your budgetbest construction managed by kazuke and its well within your budgetbest construction managed by kazuke and its well within your budgetbest construction managed by kazuke and its well within your budgetbest construction managed by kazuke and its well within your budget', 'f7.jpg', '2020-11-05 10:43:50', NULL),
(4, 'house 2', '1', '5 bed rooms,compound', 'Mutungo', 2000000, 'best cosntruction services provided by kazuke best cosntruction services provided by kazuke  best cosntruction services provided by kazuke best cosntruction services provided by kazuke  best cosntruction services provided by kazuke  best cosntruction services provided by kazuke  best cosntruction services provided by kazuke  best cosntruction services provided by kazuke  best cosntruction services provided by kazuke ', 'f5.jpg', '2020-11-05 11:11:05', NULL),
(5, 'house 2', '1', '5 bed rooms,compound', 'Mutungo', 2000000, 'best cosntruction services provided by kazuke best cosntruction services provided by kazuke  best cosntruction services provided by kazuke best cosntruction services provided by kazuke  best cosntruction services provided by kazuke  best cosntruction services provided by kazuke  best cosntruction services provided by kazuke  best cosntruction services provided by kazuke  best cosntruction services provided by kazuke ', 'f5.jpg', '2020-11-05 11:39:00', NULL),
(6, 'flat', '3', '5 bed rooms,compound', 'Kololo', 200000, 'cheap apartments in kololo cheap apartments in kololo cheap apartments in kololo cheap apartments in kololo cheap apartments in kololo cheap apartments in kololo cheap apartments in kololo cheap apartments in kololo cheap apartments in kololo cheap apartments in kololo cheap apartments in kololo cheap apartments in kololo cheap apartments in kololo cheap apartments in kololo cheap apartments in kololo', '41.jpg', '2020-11-05 11:41:22', NULL),
(7, 'flat', '3', '5 bed rooms,compound', 'Kololo', 200000, 'cheap apartments in kololo cheap apartments in kololo cheap apartments in kololo cheap apartments in kololo cheap apartments in kololo cheap apartments in kololo cheap apartments in kololo cheap apartments in kololo cheap apartments in kololo cheap apartments in kololo cheap apartments in kololo cheap apartments in kololo cheap apartments in kololo cheap apartments in kololo cheap apartments in kololo', '41.jpg', '2020-11-05 12:29:24', NULL),
(8, 'commercail building', '3', '15 rooms 300 x 500 sq meters', 'Naguru', 200000, 'commercial houses available at affordable prices  commercial houses available at affordable prices commercial houses available at affordable prices v commercial houses available at affordable prices commercial houses available at affordable prices v commercial houses available at affordable prices commercial houses available at affordable prices vcommercial houses available at affordable prices', '40.jpg', '2020-11-05 12:31:40', NULL),
(9, 'toursit sites', '2', 'gorillas views ', 'uganda', 200000, 'best gorialls stroll within east africa best gorialls stroll within east africa v best gorialls stroll within east africa v best gorialls stroll within east africa best gorialls stroll within east africa best gorialls stroll within east africa best gorialls stroll within east africa best gorialls stroll within east africa best gorialls stroll within east africa best gorialls stroll within east africa best gorialls stroll within east africa', '13.webp', '2020-11-05 12:33:46', NULL),
(10, 'toursit sites', '2', 'gorillas views ', 'uganda', 200000, 'best gorialls stroll within east africa best gorialls stroll within east africa v best gorialls stroll within east africa v best gorialls stroll within east africa best gorialls stroll within east africa best gorialls stroll within east africa best gorialls stroll within east africa best gorialls stroll within east africa best gorialls stroll within east africa best gorialls stroll within east africa best gorialls stroll within east africa', '13.webp', '2020-11-06 14:53:25', NULL);

-- --------------------------------------------------------

--
-- Table structure for table `services`
--

CREATE TABLE `services` (
  `id` int(22) NOT NULL,
  `service_name` varchar(100) NOT NULL,
  `image` varchar(255) NOT NULL,
  `details` varchar(255) NOT NULL
) ENGINE=InnoDB DEFAULT CHARSET=utf8mb4;

--
-- Dumping data for table `services`
--

INSERT INTO `services` (`id`, `service_name`, `image`, `details`) VALUES
(1, 'Rwenzori Mountain ', '16.jpg', ' the best constrruction i  townthe best constrruction i  townthe best constrruction i  townthe best constrruction i  town the best constrruction i  town the best constrruction i  town the best constrruction i  town the best constrruction i  town the best '),
(2, 'Bwindi Gorilla', '13.jpg', 'best tours and travels services  best tours and travels services  best tours and travels services  best tours and travels services  best tours and travels services  best tours and travels services  best tours and travels services  best tours and travels s'),
(3, 'WildLife Tours', '21.jpg', 'best real estate services in town  best real estate services in town  best real estate services in town  best real estate services in town  best real estate services in town  best real estate services in town  best real estate services in town  best real '),
(5, 'Rhinos', '1.jpg', 'the details of land'),
(6, 'Vaccation Pacakge', 'images.jpg', 'details');

-- --------------------------------------------------------

--
-- Table structure for table `tblbooking`
--

CREATE TABLE `tblbooking` (
  `BookingId` int(11) NOT NULL,
  `PackageId` int(11) DEFAULT NULL,
  `UserEmail` varchar(100) DEFAULT NULL,
  `FromDate` varchar(100) DEFAULT NULL,
  `ToDate` varchar(100) DEFAULT NULL,
  `Comment` mediumtext DEFAULT NULL,
  `RegDate` timestamp NULL DEFAULT current_timestamp(),
  `status` int(11) DEFAULT NULL,
  `CancelledBy` varchar(5) DEFAULT NULL,
  `UpdationDate` timestamp NULL DEFAULT NULL ON UPDATE current_timestamp()
) ENGINE=InnoDB DEFAULT CHARSET=latin1;

--
-- Dumping data for table `tblbooking`
--

INSERT INTO `tblbooking` (`BookingId`, `PackageId`, `UserEmail`, `FromDate`, `ToDate`, `Comment`, `RegDate`, `status`, `CancelledBy`, `UpdationDate`) VALUES
(2, 1, 'anuj@gmail.com', '05/18/2017', '05/31/2017', '\"Lorem ipsum dolor sit amet, cpariatur. Excepteur sint ', '2017-05-13 19:01:10', 2, 'u', '2017-05-13 21:30:23'),
(3, 2, 'anuj@gmail.com', '05/16/2017', '05/31/2017', 'casf esd sg gd gdfh df', '2017-05-13 20:20:01', 2, 'a', '2017-05-13 23:04:40'),
(4, 1, 'anuj@gmail.com', '05/16/2017', '05/31/2017', 'dwef  fwe', '2017-05-13 20:32:54', 2, 'a', '2017-05-13 21:36:39'),
(5, 1, 'anuj@gmail.com', '05/16/2017', '05/31/2017', 'dwef  fwe', '2017-05-13 20:33:17', 2, 'a', '2019-07-20 20:02:42'),
(6, 2, 'anuj@gmail.com', '05/14/2017', '05/24/2017', 'test demo', '2017-05-13 21:18:37', 2, 'a', '2017-05-14 07:58:28'),
(7, 4, 'sarita@gmail.com', '05/26/2017', '05/30/2017', 'est laborum.\" velit esse cillum dolore eu fugiat nulla pariatur. Excepteur sint occaecat cupidatat non proident, sunt in culpa qui officia deserunt mollit anim id est laborum.\" velit esse cillum dolore eu fugiat nulla pariatur. Excepteur sint occaecat cupidatat non proident, sunt in culpa qui officia deserunt mollit anim id est laborum.', '2017-05-14 05:09:11', 2, 'a', '2017-05-14 07:47:39'),
(8, 2, 'sarita@gmail.com', '05/27/2017', '05/28/2017', 'ubub5u6', '2017-05-14 05:10:24', 2, 'a', '2017-05-14 05:13:03'),
(9, 1, 'demo@test.com', '05/19/2017', '05/21/2017', 'demo test demo test', '2017-05-14 07:45:11', 1, NULL, '2017-05-14 07:47:45'),
(10, 5, 'abc@g.com', '05/22/2017', '05/24/2017', 'test test t test test ttest test ttest test ttest test ttest test ttest test ttest test ttest test ttest test ttest test ttest test ttest test ttest test t', '2017-05-14 07:56:26', 1, NULL, '2017-05-14 07:58:19'),
(11, 4, 'anuj@gmail.com', '2019-07-31', '2019-08-02', 'This is sample text for testing,', '2019-07-20 20:15:35', 0, NULL, NULL);

-- --------------------------------------------------------

--
-- Table structure for table `tblbrands`
--

CREATE TABLE `tblbrands` (
  `id` int(11) NOT NULL,
  `BrandName` varchar(120) NOT NULL,
  `CreationDate` timestamp NULL DEFAULT current_timestamp(),
  `UpdationDate` timestamp NULL DEFAULT NULL ON UPDATE current_timestamp()
) ENGINE=InnoDB DEFAULT CHARSET=latin1;

--
-- Dumping data for table `tblbrands`
--

INSERT INTO `tblbrands` (`id`, `BrandName`, `CreationDate`, `UpdationDate`) VALUES
(1, 'Maruti', '2017-06-18 13:24:34', '2017-06-19 03:42:23'),
(2, 'BMW', '2017-06-18 13:24:50', NULL),
(3, 'Audi', '2017-06-18 13:25:03', NULL),
(4, 'Nissan', '2017-06-18 13:25:13', NULL),
(5, 'Toyota', '2017-06-18 13:25:24', NULL),
(7, 'Volkswagon', '2017-06-19 03:22:13', '2020-07-07 11:14:09'),
(8, 'Benz', '2020-12-02 22:51:12', NULL),
(9, 'Benz', '2020-12-02 22:51:16', NULL),
(10, 'Benz', '2020-12-02 22:51:28', NULL),
(17, 'Benz', '2020-12-02 22:55:36', NULL);

-- --------------------------------------------------------

--
-- Table structure for table `tblenquiry`
--

CREATE TABLE `tblenquiry` (
  `id` int(11) NOT NULL,
  `FullName` varchar(100) DEFAULT NULL,
  `EmailId` varchar(100) DEFAULT NULL,
  `MobileNumber` char(10) DEFAULT NULL,
  `Subject` varchar(100) DEFAULT NULL,
  `messages` mediumtext DEFAULT NULL,
  `PostingDate` timestamp NULL DEFAULT current_timestamp(),
  `Status` int(1) DEFAULT NULL,
  `nationality` varchar(100) NOT NULL,
  `budget` varchar(200) NOT NULL,
  `interests` varchar(255) NOT NULL
) ENGINE=InnoDB DEFAULT CHARSET=latin1;

--
-- Dumping data for table `tblenquiry`
--

INSERT INTO `tblenquiry` (`id`, `FullName`, `EmailId`, `MobileNumber`, `Subject`, `messages`, `PostingDate`, `Status`, `nationality`, `budget`, `interests`) VALUES
(1, 'anuj', 'anuj.lpu1@gmail.com', '2354235235', 'The standard Lorem Ipsum passage, used since the 1500s', 'Lorem ipsum dolor sit amet, consectetur adipiscing elit, sed do eiusmod tempor incididunt ut labore et dolore magna aliqua. Ut enim ad minim veniam, quis nostrud exercitation ullamco laboris nisi ut aliquip ex ea commodo consequat. Duis aute irure dolor in reprehenderit in voluptate velit esse cillum dolore eu fugiat nulla pariatur. Excepteur sint occaecat cupidatat non proident, sunt in culpa qui officia deserunt mollit anim id est laborum', '2017-05-13 22:23:53', 1, '', '', ''),
(2, 'efgegter', 'terterte@gmail.com', '3454353453', 'The standard Lorem Ipsum passage', 'nventore veritatis et quasi architecto beatae vitae dicta sunt explicabo. Nemo enim ipsam voluptatem quia voluptas sit aspernatur aut odit aut fugit, sed quia consequuntur magni dolores eos qui ratione voluptatem sequi nesciunt. Neque porro quisquam est, qui dolorem ipsum quia dolor sit amet, consectetur, adipisci velit, sed quia non numquam eius modi tempora incidunt ut labore et dolore magnam aliquam quaerat volup', '2017-05-13 22:27:00', 1, '', '', ''),
(3, 'fwerwetrwet', 'fwsfhrtre@hdhdhqw.com', '8888888888', 'erwt wet', 'nventore veritatis et quasi architecto beatae vitae dicta sunt explicabo. Nemo enim ipsam voluptatem quia voluptas sit aspernatur aut odit aut fugit, sed quia consequuntur magni dolores eos qui ratione voluptatem sequi nesciunt. Neque porro quisquam est, qui dolorem ipsum quia dolor sit amet, consectetur, adipisci velit, sed quia non numquam eius modi tempora incidunt ut labore et dolore magnam aliquam quaerat volup', '2017-05-13 22:28:11', 1, '', '', ''),
(4, 'Test', 'test@gm.com', '4747474747', 'Test', 'iidiidiidiidiidiidiidiidiidiidiidiidiidiidiidiidiidiidiidiidiidiidiidiidiidiid', '2017-05-14 07:54:07', 1, '', '', ''),
(5, 'steven', NULL, NULL, NULL, NULL, '2020-12-11 07:35:18', NULL, '', '', ''),
(6, 'steven', 'stevenviko@gmail.com', NULL, NULL, NULL, '2020-12-11 07:36:43', NULL, '', '', ''),
(7, 'john', 'admin@admin.com', '+256773892', NULL, NULL, '2020-12-11 07:41:17', NULL, '', '', ''),
(8, 'w', 'stevenviko@gmail.com', '+254773892', NULL, NULL, '2020-12-11 07:42:36', NULL, 'kenyan', '', ''),
(9, 'w', 'anuj@gmail.com', '+256773892', NULL, NULL, '2020-12-11 07:44:42', NULL, 'tx', '$0-1000(per person)', 'Cultural Tour');

-- --------------------------------------------------------

--
-- Table structure for table `tblissues`
--

CREATE TABLE `tblissues` (
  `id` int(11) NOT NULL,
  `names` varchar(100) NOT NULL,
  `UserEmail` varchar(100) DEFAULT NULL,
  `phone` varchar(100) DEFAULT NULL,
  `messages` mediumtext DEFAULT NULL,
  `PostingDate` timestamp NULL DEFAULT current_timestamp(),
  `AdminRemark` mediumtext DEFAULT NULL,
  `AdminremarkDate` timestamp NULL DEFAULT NULL ON UPDATE current_timestamp(),
  `types` varchar(100) NOT NULL
) ENGINE=InnoDB DEFAULT CHARSET=latin1;

--
-- Dumping data for table `tblissues`
--

INSERT INTO `tblissues` (`id`, `names`, `UserEmail`, `phone`, `messages`, `PostingDate`, `AdminRemark`, `AdminremarkDate`, `types`) VALUES
(4, '', 'anuj@gmail.com', 'Cancellation', 'Lorem ipsum dolor sit amet, consectetur adipiscing elit, sed do eiusmod tempor incididunt ut labore et dolore magna aliqua. Ut enim ad minim veniam, quis nostrud exercitation ullamco ', '2017-05-13 22:03:33', 'Sed ut perspiciatis unde omnis iste natus error sit voluptatem accusantium doloremque laudantium, totam rem aperiam, eaque ipsa quae ab illo inventore veritatis et quasi architecto beatae vitae dicta sunt explicabo. Nemo enim ipsam voluptatem quia voluptas sit aspernatur aut odit aut fugit, sed quia consequuntur magni dolores eos qui ratione voluptatem sequi nesciunt. Neque porro quisquam est, qui dolorem ipsum quia dolor sit amet, consectetur, adipisci velit, sed quia non numquam eius modi tempora incidunt ut labore et dolore magnam aliquam quaerat voluptatem. Ut enim ad minima veniam, quis nostrum exercitationem ullam corporis suscipit laboriosam, nisi ut aliquid ex ea commodi consequatur? Quis autem vel eum iure reprehenderit qui in ea voluptate velit esse quam nihil molestiae consequatur, vel illum qui dolorem eum fugiat quo voluptas nulla pariatur', '2017-05-13 23:50:40', ''),
(5, '', 'sarita@gmail.com', 'Cancellation', 'tbt 3y 34y4 3y3hgg34t', '2017-05-14 05:12:14', 'sg sd gs g sdgfs ', '2017-05-14 07:52:07', ''),
(6, '', 'demo@test.com', 'Refund', 'demo test.com demo test.comdemo test.comdemo test.comdemo test.com', '2017-05-14 07:45:37', NULL, '0000-00-00 00:00:00', ''),
(7, '', 'abc@g.com', 'Refund', 'test test ttest test ttest test ttest test ttest test ttest test t', '2017-05-14 07:56:46', 'vetet ert erteryre', '2017-05-14 07:58:43', ''),
(8, 'steven', 'stevenviko@gmail.com', '+256773892332', 'the is me', '2020-11-17 21:01:41', NULL, NULL, ''),
(9, 'kalala', 'anuj.lpu1@gmail.com', '+256773892332', 'me all', '2020-12-10 06:22:30', NULL, NULL, 'Technical issue');

-- --------------------------------------------------------

--
-- Table structure for table `tblpages`
--

CREATE TABLE `tblpages` (
  `id` int(11) NOT NULL,
  `PageName` varchar(255) DEFAULT NULL,
  `type` varchar(255) NOT NULL DEFAULT '',
  `detail` longtext NOT NULL
) ENGINE=MyISAM DEFAULT CHARSET=latin1;

--
-- Dumping data for table `tblpages`
--

INSERT INTO `tblpages` (`id`, `PageName`, `type`, `detail`) VALUES
(1, 'Terms and Conditions', 'terms', '<P align=justify><FONT size=2><STRONG><FONT color=#990000>(1) ACCEPTANCE OF TERMS</FONT><BR><BR></STRONG>Welcome to Yahoo! India. 1Yahoo Web Services India Private Limited Yahoo\", \"we\" or \"us\" as the case may be) provides the Service (defined below) to you, subject to the following Terms of Service (\"TOS\"), which may be updated by us from time to time without notice to you. You can review the most current version of the TOS at any time at: <A href=\"http://in.docs.yahoo.com/info/terms/\">http://in.docs.yahoo.com/info/terms/</A>. In addition, when using particular Yahoo services or third party services, you and Yahoo shall be subject to any posted guidelines or rules applicable to such services which may be posted from time to time. All such guidelines or rules, which maybe subject to change, are hereby incorporated by reference into the TOS. In most cases the guides and rules are specific to a particular part of the Service and will assist you in applying the TOS to that part, but to the extent of any inconsistency between the TOS and any guide or rule, the TOS will prevail. We may also offer other services from time to time that are governed by different Terms of Services, in which case the TOS do not apply to such other services if and to the extent expressly excluded by such different Terms of Services. Yahoo also may offer other services from time to time that are governed by different Terms of Services. These TOS do not apply to such other services that are governed by different Terms of Service. </FONT></P>\r\n<P align=justify><FONT size=2>Welcome to Yahoo! India. Yahoo Web Services India Private Limited Yahoo\", \"we\" or \"us\" as the case may be) provides the Service (defined below) to you, subject to the following Terms of Service (\"TOS\"), which may be updated by us from time to time without notice to you. You can review the most current version of the TOS at any time at: </FONT><A href=\"http://in.docs.yahoo.com/info/terms/\"><FONT size=2>http://in.docs.yahoo.com/info/terms/</FONT></A><FONT size=2>. In addition, when using particular Yahoo services or third party services, you and Yahoo shall be subject to any posted guidelines or rules applicable to such services which may be posted from time to time. All such guidelines or rules, which maybe subject to change, are hereby incorporated by reference into the TOS. In most cases the guides and rules are specific to a particular part of the Service and will assist you in applying the TOS to that part, but to the extent of any inconsistency between the TOS and any guide or rule, the TOS will prevail. We may also offer other services from time to time that are governed by different Terms of Services, in which case the TOS do not apply to such other services if and to the extent expressly excluded by such different Terms of Services. Yahoo also may offer other services from time to time that are governed by different Terms of Services. These TOS do not apply to such other services that are governed by different Terms of Service. </FONT></P>\r\n<P align=justify><FONT size=2>Welcome to Yahoo! India. Yahoo Web Services India Private Limited Yahoo\", \"we\" or \"us\" as the case may be) provides the Service (defined below) to you, subject to the following Terms of Service (\"TOS\"), which may be updated by us from time to time without notice to you. You can review the most current version of the TOS at any time at: </FONT><A href=\"http://in.docs.yahoo.com/info/terms/\"><FONT size=2>http://in.docs.yahoo.com/info/terms/</FONT></A><FONT size=2>. In addition, when using particular Yahoo services or third party services, you and Yahoo shall be subject to any posted guidelines or rules applicable to such services which may be posted from time to time. All such guidelines or rules, which maybe subject to change, are hereby incorporated by reference into the TOS. In most cases the guides and rules are specific to a particular part of the Service and will assist you in applying the TOS to that part, but to the extent of any inconsistency between the TOS and any guide or rule, the TOS will prevail. We may also offer other services from time to time that are governed by different Terms of Services, in which case the TOS do not apply to such other services if and to the extent expressly excluded by such different Terms of Services. Yahoo also may offer other services from time to time that are governed by different Terms of Services. These TOS do not apply to such other services that are governed by different Terms of Service. </FONT></P>'),
(2, 'Privacy Policy', 'privacy', '<span style=\"color: rgb(0, 0, 0); font-family: &quot;Open Sans&quot;, Arial, sans-serif; font-size: 14px; text-align: justify;\">At vero eos et accusamus et iusto odio dignissimos ducimus qui blanditiis praesentium voluptatum deleniti atque corrupti quos dolores et quas molestias excepturi sint occaecati cupiditate non provident, similique sunt in culpa qui officia deserunt mollitia animi, id est laborum et dolorum fuga. Et harum quidem rerum facilis est et expedita distinctio. Nam libero tempore, cum soluta nobis est eligendi optio cumque nihil impedit quo minus id quod maxime placeat facere possimus, omnis voluptas assumenda est, omnis dolor repellendus. Temporibus autem quibusdam et aut officiis debitis aut rerum necessitatibus saepe eveniet ut et voluptates repudiandae sint et molestiae non recusandae. Itaque earum rerum hic tenetur a sapiente delectus, ut aut reiciendis voluptatibus maiores alias consequatur aut perferendis doloribus asperiores repellat</span>'),
(3, 'About Us ', 'aboutus', '										<span style=\"color: rgb(51, 51, 51); font-family: &quot;Helvetica Neue&quot;, Helvetica, Arial, sans-serif; font-size: 13.3333px;\">just us We offer a varied fleet of cars, ranging from the compact. All our vehicles have air conditioning, &nbsp;power steering, electric windows. All our vehicles are bought and maintained at official dealerships only. Automatic transmission cars are available in every booking class.&nbsp;</span><span style=\"color: rgb(52, 52, 52); font-family: Arial, Helvetica, sans-serif;\">As we are not affiliated with any specific automaker, we are able to provide a variety of vehicle makes and models for customers to rent.</span><div><span style=\"color: rgb(62, 62, 62); font-family: &quot;Lucida Sans Unicode&quot;, &quot;Lucida Grande&quot;, sans-serif; font-size: 11px;\">ur mission is to be recognised as the global leader in Car Rental for companies and the public and private sector by partnering with our clients to provide the best and most efficient Cab Rental solutions and to achieve service excellence.</span><span style=\"color: rgb(52, 52, 52); font-family: Arial, Helvetica, sans-serif;\"><br></span></div>\r\n										'),
(11, 'FAQs', 'faqs', '																														<span style=\"color: rgb(0, 0, 0); font-family: &quot;Open Sans&quot;, Arial, sans-serif; font-size: 14px; text-align: justify;\">Address------Test &nbsp; &nbsp;dsfdsfds</span>');

-- --------------------------------------------------------

--
-- Table structure for table `tbltourpackages`
--

CREATE TABLE `tbltourpackages` (
  `PackageId` int(11) NOT NULL,
  `PackageName` varchar(200) DEFAULT NULL,
  `PackageType` varchar(150) DEFAULT NULL,
  `PackageLocation` varchar(100) DEFAULT NULL,
  `PackagePrice` int(11) DEFAULT NULL,
  `PackageFetures` varchar(255) DEFAULT NULL,
  `PackageDetails` mediumtext DEFAULT NULL,
  `PackageImage` varchar(100) DEFAULT NULL,
  `Creationdate` timestamp NULL DEFAULT current_timestamp(),
  `UpdationDate` timestamp NULL DEFAULT NULL ON UPDATE current_timestamp()
) ENGINE=InnoDB DEFAULT CHARSET=latin1;

--
-- Dumping data for table `tbltourpackages`
--

INSERT INTO `tbltourpackages` (`PackageId`, `PackageName`, `PackageType`, `PackageLocation`, `PackagePrice`, `PackageFetures`, `PackageDetails`, `PackageImage`, `Creationdate`, `UpdationDate`) VALUES
(1, 'Manali Trip ', 'General', 'Kullu Manali India', 100, 'Air Conditioning ,Balcony / Terrace,Cable / Satellite / Pay TV available,Ceiling Fan,Hairdryer', '\"Lorem ipsum dolor sit amet, consectetur adipiscing elit, sed do eiusmod tempor incididunt ut labore et dolore magna aliqua. Ut enim ad minim veniam, quis nostrud exercitation ullamco laboris nisi ut aliquip ex ea commodo consequat. Duis aute irure dolor in reprehenderit in voluptate velit esse cillum dolore eu fugiat nulla pariatur. Excepteur sint occaecat cupidatat non proident, sunt in culpa qui officia deserunt mollit anim id est laborum.\"', '2.jpg', '2017-05-13 14:23:44', '2020-12-09 15:38:44'),
(2, 'Test ', 'Test', 'Delhi India', 5433, '\"Lorem ipsum dolor sit amet, consectetur adipiscing elit, sed do eiusmod tempor incididunt ut labore et dolore magna aliqua. Ut enim ad minim veniam, quis nostrud exercitation ullamco laboris nisi ut aliquip ex ea commodo consequat. Duis aute irure dolor ', 'demo test demo test demo test demo test demo test demo test demo test demo test demo test demo test demo test demo test demo test demo test demo test demo test demo test demo test demo test demo test demo test demo test demo test demo test demo test demo test demo test demo test demo test demo test demo test demo test demo test demo test demo test demo test demo test demo test demo test demo test demo test demo test demo test demo test demo test ', '3.jpg', '2017-05-13 15:24:26', '2020-12-09 15:38:30'),
(3, 'Demo Demo  Demo Demo test', 'Demo Demo Demo Demo Demo Demo  test', 'Demo Demo Demo Demo Demo Demo  test', 1000, 'Demo Demo  test', 'Sample Text for testing.', '5.jpg', '2017-05-13 16:00:58', '2020-12-09 15:39:23'),
(4, 'Kerla', 'Familty and Couple', 'Kerlal', 2000, ' velit esse cillum dolore eu fugiat nulla pariatur. Excepteur sint occaecat cupidatat non proident, sunt in culpa qui officia deserunt mollit anim id est laborum.\"', ' velit esse cillum dolore eu fugiat nulla pariatur. Excepteur sint occaecat cupidatat non proident, sunt in culpa qui officia deserunt mollit anim id est laborum.\" velit esse cillum dolore eu fugiat nulla pariatur. Excepteur sint occaecat cupidatat non proident, sunt in culpa qui officia deserunt mollit anim id est laborum.\" velit esse cillum dolore eu fugiat nulla pariatur. Excepteur sint occaecat cupidatat non proident, sunt in culpa qui officia deserunt mollit anim id est laborum.\" velit esse cillum dolore eu fugiat nulla pariatur. Excepteur sint occaecat cupidatat non proident, sunt in culpa qui officia deserunt mollit anim id est laborum.\"', 'images.jpg', '2017-05-13 22:39:37', '0000-00-00 00:00:00'),
(5, 'Coorg : Tour Packages', 'General', 'Coorg', 3000, ' velit esse cillum dolore eu fugiat nulla pariatur. Excepteur sint occaecat cupidatat non proident, sunt in culpa qui officia deserunt mollit anim id est laborum.\"', ' velit esse cillum dolore eu fugiat nulla pariatur. Excepteur sint occaecat cupidatat non proident, sunt in culpa qui officia deserunt mollit anim id est laborum.\" velit esse cillum dolore eu fugiat nulla pariatur. Excepteur sint occaecat cupidatat non proident, sunt in culpa qui officia deserunt mollit anim id est laborum.\" velit esse cillum dolore eu fugiat nulla pariatur. Excepteur sint occaecat cupidatat non proident, sunt in culpa qui officia deserunt mollit anim id est laborum.\" velit esse cillum dolore eu fugiat nulla pariatur. Excepteur sint occaecat cupidatat non proident, sunt in culpa qui officia deserunt mollit anim id est laborum.\" velit esse cillum dolore eu fugiat nulla pariatur. Excepteur sint occaecat cupidatat non proident, sunt in culpa qui officia deserunt mollit anim id est laborum.\" velit esse cillum dolore eu fugiat nulla pariatur. Excepteur sint occaecat cupidatat non proident, sunt in culpa qui officia deserunt mollit anim id est laborum.\" velit esse cillum dolore eu fugiat nulla pariatur. Excepteur sint occaecat cupidatat non proident, sunt in culpa qui officia deserunt mollit anim id est laborum.\" velit esse cillum dolore eu fugiat nulla pariatur. Excepteur sint occaecat cupidatat non proident, sunt in culpa qui officia deserunt mollit anim id est laborum.\"', 'coorg-hill-station1.jpg', '2017-05-13 22:42:10', '0000-00-00 00:00:00'),
(6, 'Indonesia', 'Family', 'Indonesia', 5000, 'Frree wifi, pickup and drop etc', 'Test Test Test Test Test Test Test Test Test Test Test Test Test Test Test Test Test Test Test Test Test Test Test Test Test Test Test Test Test Test Test Test Test Test Test Test Test Test Test Test Test Test Test Test Test Test Test Test Test Test Test Test Test Test Test Test Test Test Test Test ', 'mamp-pro-logo-big.png', '2017-05-14 08:01:08', '2017-05-14 08:01:27');

-- --------------------------------------------------------

--
-- Table structure for table `tblusers`
--

CREATE TABLE `tblusers` (
  `id` int(11) NOT NULL,
  `FullName` varchar(100) DEFAULT NULL,
  `MobileNumber` char(10) DEFAULT NULL,
  `EmailId` varchar(70) DEFAULT NULL,
  `Password` varchar(100) DEFAULT NULL,
  `RegDate` timestamp NULL DEFAULT current_timestamp(),
  `UpdationDate` timestamp NULL DEFAULT NULL ON UPDATE current_timestamp()
) ENGINE=InnoDB DEFAULT CHARSET=latin1;

--
-- Dumping data for table `tblusers`
--

INSERT INTO `tblusers` (`id`, `FullName`, `MobileNumber`, `EmailId`, `Password`, `RegDate`, `UpdationDate`) VALUES
(1, 'Anuj kumar', '1111111111', 'anuj@gmail.com', 'f925916e2754e5e03f75dd58a5733251', '2017-05-10 10:38:17', '2019-07-20 20:18:18'),
(3, 'sarita', '9999999999', 'sarita@gmail.com', '5c428d8875d2948607f3e3fe134d71b4', '2017-05-10 10:50:48', '2017-05-14 07:40:19'),
(7, 'test', '7676767676', 'test@gm.com', 'f925916e2754e5e03f75dd58a5733251', '2017-05-10 10:54:56', '0000-00-00 00:00:00'),
(8, 'Anuj kumar', '9999999999', 'demo@gmail.com', 'f925916e2754e5e03f75dd58a5733251', '2017-05-14 07:17:44', '0000-00-00 00:00:00'),
(9, 'XYZabc', '3333333333', 'xyz@gmail.com', 'f925916e2754e5e03f75dd58a5733251', '2017-05-14 07:25:13', '2017-05-14 07:25:42'),
(10, 'Anuj Kumar', '4543534534', 'demo@test.com', 'f925916e2754e5e03f75dd58a5733251', '2017-05-14 07:43:23', '2017-05-14 07:46:57'),
(11, 'XYZ', '8888888888', 'abc@g.com', 'f925916e2754e5e03f75dd58a5733251', '2017-05-14 07:54:32', '2017-05-14 07:55:17');

-- --------------------------------------------------------

--
-- Table structure for table `tblvehicles`
--

CREATE TABLE `tblvehicles` (
  `id` int(11) NOT NULL,
  `VehiclesTitle` varchar(150) DEFAULT NULL,
  `VehiclesBrand` int(11) DEFAULT NULL,
  `VehiclesOverview` longtext DEFAULT NULL,
  `PricePerDay` int(11) DEFAULT NULL,
  `FuelType` varchar(100) DEFAULT NULL,
  `ModelYear` int(6) DEFAULT NULL,
  `SeatingCapacity` int(11) DEFAULT NULL,
  `Vimage1` varchar(120) DEFAULT NULL,
  `Vimage2` varchar(120) DEFAULT NULL,
  `Vimage3` varchar(120) DEFAULT NULL,
  `Vimage4` varchar(120) DEFAULT NULL,
  `Vimage5` varchar(120) DEFAULT NULL,
  `AirConditioner` int(11) DEFAULT NULL,
  `PowerDoorLocks` int(11) DEFAULT NULL,
  `AntiLockBrakingSystem` int(11) DEFAULT NULL,
  `BrakeAssist` int(11) DEFAULT NULL,
  `PowerSteering` int(11) DEFAULT NULL,
  `DriverAirbag` int(11) DEFAULT NULL,
  `PassengerAirbag` int(11) DEFAULT NULL,
  `PowerWindows` int(11) DEFAULT NULL,
  `CDPlayer` int(11) DEFAULT NULL,
  `CentralLocking` int(11) DEFAULT NULL,
  `CrashSensor` int(11) DEFAULT NULL,
  `LeatherSeats` int(11) DEFAULT NULL,
  `RegDate` timestamp NOT NULL DEFAULT current_timestamp(),
  `UpdationDate` timestamp NULL DEFAULT NULL ON UPDATE current_timestamp()
) ENGINE=InnoDB DEFAULT CHARSET=latin1;

--
-- Dumping data for table `tblvehicles`
--

INSERT INTO `tblvehicles` (`id`, `VehiclesTitle`, `VehiclesBrand`, `VehiclesOverview`, `PricePerDay`, `FuelType`, `ModelYear`, `SeatingCapacity`, `Vimage1`, `Vimage2`, `Vimage3`, `Vimage4`, `Vimage5`, `AirConditioner`, `PowerDoorLocks`, `AntiLockBrakingSystem`, `BrakeAssist`, `PowerSteering`, `DriverAirbag`, `PassengerAirbag`, `PowerWindows`, `CDPlayer`, `CentralLocking`, `CrashSensor`, `LeatherSeats`, `RegDate`, `UpdationDate`) VALUES
(1, 'Mercedeze', 8, 'Very stable on the road,good fuel consumption', 2, 'Petrol', 2015, 4, 'banner-image.jpg', 'about_us_img1.jpg', 'blog_img3.jpg', 'listing_img1.jpg', 'about_us_img4.jpg', 1, 1, 1, 1, 1, 1, 1, 1, NULL, NULL, NULL, 1, '2020-12-02 23:00:31', NULL),
(2, 'BMW 5 Series', 2, 'BMW 5 Series price starts at ? 55.4 Lakh and goes upto ? 68.39 Lakh. The price of Petrol version for 5 Series ranges between ? 55.4 Lakh - ? 60.89 Lakh and the price of Diesel version for 5 Series ranges between ? 60.89 Lakh - ? 68.39 Lakh.', 1000, 'Petrol', 2018, 5, 'BMW-5-Series-Exterior-102005.jpg', 'BMW-5-Series-New-Exterior-89729.jpg', 'BMW-5-Series-Exterior-102006.jpg', 'BMW-5-Series-Interior-102021.jpg', 'BMW-5-Series-Interior-102022.jpg', 1, 1, 1, 1, 1, 1, 1, 1, NULL, 1, 1, 1, '2020-07-07 04:12:02', '2020-07-07 04:27:44'),
(3, 'Audi Q8', 3, 'As per ARAI, the mileage of Q8 is 0 kmpl. Real mileage of the vehicle varies depending upon the driving habits. City and highway mileage figures also vary depending upon the road conditions.', 3000, 'Petrol', 2017, 5, 'audi-q8-front-view4.jpg', '1920x1080_MTC_XL_framed_Audi-Odessa-Armaturen_Spiegelung_CC_v05.jpg', 'audi1.jpg', '1audiq8.jpg', 'audi-q8-front-view4.jpeg', 1, 1, 1, 1, 1, 1, 1, 1, 1, 1, 1, 1, '2020-07-07 04:19:21', '2020-07-07 04:28:02'),
(4, 'Nissan Kicks', 4, 'Latest Update: Nissan has launched the Kicks 2020 with a new turbocharged petrol engine. You can read more about it here.\r\n\r\nNissan Kicks Price and Variants: The Kicks is available in four variants: XL, XV, XV Premium, and XV Premium(O).', 800, 'Petrol', 2020, 5, 'front-left-side-47.jpg', 'kicksmodelimage.jpg', 'download.jpg', 'kicksmodelimage.jpg', '', 1, NULL, NULL, 1, NULL, NULL, 1, 1, NULL, NULL, NULL, 1, '2020-07-07 04:25:28', NULL),
(5, 'Nissan GT-R', 4, ' The GT-R packs a 3.8-litre V6 twin-turbocharged petrol, which puts out 570PS of max power at 6800rpm and 637Nm of peak torque. The engine is mated to a 6-speed dual-clutch transmission in an all-wheel-drive setup. The 2+2 seater GT-R sprints from 0-100kmph in less than 3', 2000, 'Petrol', 2019, 5, 'Nissan-GTR-Right-Front-Three-Quarter-84895.jpg', 'Best-Nissan-Cars-in-India-New-and-Used-1.jpg', '2bb3bc938e734f462e45ed83be05165d.jpg', '2020-nissan-gtr-rakuda-tan-semi-aniline-leather-interior.jpg', 'images.jpg', 1, 1, 1, 1, 1, 1, 1, 1, 1, 1, 1, 1, '2020-07-07 04:34:17', NULL),
(6, 'Nissan Sunny 2020', 4, 'Value for money product and it was so good It is more spacious than other sedans It looks like a luxurious car.', 400, 'CNG', 2018, 5, 'Nissan-Sunny-Right-Front-Three-Quarter-48975_ol.jpg', 'images (1).jpg', 'Nissan-Sunny-Interior-114977.jpg', 'nissan-sunny-8a29f53-500x375.jpg', 'new-nissan-sunny-photo.jpg', 1, 1, NULL, 1, 1, 1, 1, 1, 1, 1, 1, 1, '2020-07-07 06:12:49', NULL),
(7, 'Toyota Fortuner', 5, 'Toyota Fortuner Features: It is a premium seven-seater SUV loaded with features such as LED projector headlamps with LED DRLs, LED fog lamp, and power-adjustable and foldable ORVMs. Inside, the Fortuner offers features such as power-adjustable driver seat, automatic climate control, push-button stop/start, and cruise control.\r\n\r\nToyota Fortuner Safety Features: The Toyota Fortuner gets seven airbags, hill assist control, vehicle stability control with brake assist, and ABS with EBD.', 3000, 'Petrol', 2020, 5, '2015_Toyota_Fortuner_(New_Zealand).jpg', 'toyota-fortuner-legender-rear-quarters-6e57.jpg', 'zw-toyota-fortuner-2020-2.jpg', 'download (1).jpg', '', NULL, NULL, NULL, NULL, NULL, 1, NULL, 1, NULL, 1, 1, 1, '2020-07-07 06:17:46', NULL),
(8, 'Maruti Suzuki Vitara Brezza', 1, 'The new Vitara Brezza is a well-rounded package that is feature-loaded and offers good drivability. And it is backed by Maruti’s vast service network, which ensures a peace of mind to customers. The petrol motor could have been more refined and offered more pep.', 600, 'Petrol', 2018, 5, 'marutisuzuki-vitara-brezza-right-front-three-quarter3.jpg', 'marutisuzuki-vitara-brezza-rear-view37.jpg', 'marutisuzuki-vitara-brezza-dashboard10.jpg', 'marutisuzuki-vitara-brezza-boot-space59.jpg', 'marutisuzuki-vitara-brezza-boot-space28.jpg', NULL, 1, 1, 1, NULL, NULL, 1, NULL, NULL, NULL, 1, NULL, '2020-07-07 06:23:11', NULL),
(10, 'Maruti Suzuki Wagon R', 1, 'Maruti Wagon R Latest Updates\r\n\r\nMaruti Suzuki has launched the BS6 Wagon R S-CNG in India. The LXI CNG and LXI (O) CNG variants now cost Rs 5.25 lakh and Rs 5.32 lakh respectively, up by Rs 19,000. Maruti claims a fuel economy of 32.52km per kg. The CNG Wagon R’s continuation in the BS6 era is part of the carmaker’s ‘Mission Green Million’ initiative announced at Auto Expo 2020.\r\n\r\nPreviously, the carmaker had updated the 1.0-litre powertrain to meet BS6 emission norms. It develops 68PS of power and 90Nm of torque, same as the BS4 unit. However, the updated motor now returns 21.79 kmpl, which is a little less than the BS4 unit’s 22.5kmpl claimed figure. Barring the CNG variants, the prices of the Wagon R 1.0-litre have been hiked by Rs 8,000.', 500, 'Petrol', 2019, 5, 'rear-3-4-left-589823254_930x620.jpg', 'tail-lamp-1666712219_930x620.jpg', 'rear-3-4-right-520328200_930x620.jpg', 'steering-close-up-1288209207_930x620.jpg', 'boot-with-standard-luggage-202327489_930x620.jpg', 1, 1, 1, 1, 1, 1, 1, 1, 1, 1, 1, 1, '2020-07-07 04:04:35', '2020-07-07 04:27:08');

--
-- Indexes for dumped tables
--

--
-- Indexes for table `admin`
--
ALTER TABLE `admin`
  ADD PRIMARY KEY (`id`);

--
-- Indexes for table `book`
--
ALTER TABLE `book`
  ADD PRIMARY KEY (`id`);

--
-- Indexes for table `car_booking`
--
ALTER TABLE `car_booking`
  ADD PRIMARY KEY (`id`);

--
-- Indexes for table `items`
--
ALTER TABLE `items`
  ADD PRIMARY KEY (`id`);

--
-- Indexes for table `services`
--
ALTER TABLE `services`
  ADD PRIMARY KEY (`id`);

--
-- Indexes for table `tblbooking`
--
ALTER TABLE `tblbooking`
  ADD PRIMARY KEY (`BookingId`);

--
-- Indexes for table `tblbrands`
--
ALTER TABLE `tblbrands`
  ADD PRIMARY KEY (`id`);

--
-- Indexes for table `tblenquiry`
--
ALTER TABLE `tblenquiry`
  ADD PRIMARY KEY (`id`);

--
-- Indexes for table `tblissues`
--
ALTER TABLE `tblissues`
  ADD PRIMARY KEY (`id`);

--
-- Indexes for table `tblpages`
--
ALTER TABLE `tblpages`
  ADD PRIMARY KEY (`id`);

--
-- Indexes for table `tbltourpackages`
--
ALTER TABLE `tbltourpackages`
  ADD PRIMARY KEY (`PackageId`);

--
-- Indexes for table `tblusers`
--
ALTER TABLE `tblusers`
  ADD PRIMARY KEY (`id`),
  ADD KEY `EmailId` (`EmailId`),
  ADD KEY `EmailId_2` (`EmailId`);

--
-- Indexes for table `tblvehicles`
--
ALTER TABLE `tblvehicles`
  ADD PRIMARY KEY (`id`);

--
-- AUTO_INCREMENT for dumped tables
--

--
-- AUTO_INCREMENT for table `admin`
--
ALTER TABLE `admin`
  MODIFY `id` int(11) NOT NULL AUTO_INCREMENT, AUTO_INCREMENT=2;

--
-- AUTO_INCREMENT for table `book`
--
ALTER TABLE `book`
  MODIFY `id` int(100) NOT NULL AUTO_INCREMENT, AUTO_INCREMENT=2;

--
-- AUTO_INCREMENT for table `car_booking`
--
ALTER TABLE `car_booking`
  MODIFY `id` int(100) NOT NULL AUTO_INCREMENT, AUTO_INCREMENT=4;

--
-- AUTO_INCREMENT for table `items`
--
ALTER TABLE `items`
  MODIFY `id` int(22) NOT NULL AUTO_INCREMENT, AUTO_INCREMENT=11;

--
-- AUTO_INCREMENT for table `services`
--
ALTER TABLE `services`
  MODIFY `id` int(22) NOT NULL AUTO_INCREMENT, AUTO_INCREMENT=7;

--
-- AUTO_INCREMENT for table `tblbooking`
--
ALTER TABLE `tblbooking`
  MODIFY `BookingId` int(11) NOT NULL AUTO_INCREMENT, AUTO_INCREMENT=12;

--
-- AUTO_INCREMENT for table `tblbrands`
--
ALTER TABLE `tblbrands`
  MODIFY `id` int(11) NOT NULL AUTO_INCREMENT, AUTO_INCREMENT=18;

--
-- AUTO_INCREMENT for table `tblenquiry`
--
ALTER TABLE `tblenquiry`
  MODIFY `id` int(11) NOT NULL AUTO_INCREMENT, AUTO_INCREMENT=10;

--
-- AUTO_INCREMENT for table `tblissues`
--
ALTER TABLE `tblissues`
  MODIFY `id` int(11) NOT NULL AUTO_INCREMENT, AUTO_INCREMENT=10;

--
-- AUTO_INCREMENT for table `tblpages`
--
ALTER TABLE `tblpages`
  MODIFY `id` int(11) NOT NULL AUTO_INCREMENT, AUTO_INCREMENT=12;

--
-- AUTO_INCREMENT for table `tbltourpackages`
--
ALTER TABLE `tbltourpackages`
  MODIFY `PackageId` int(11) NOT NULL AUTO_INCREMENT, AUTO_INCREMENT=7;

--
-- AUTO_INCREMENT for table `tblusers`
--
ALTER TABLE `tblusers`
  MODIFY `id` int(11) NOT NULL AUTO_INCREMENT, AUTO_INCREMENT=12;

--
-- AUTO_INCREMENT for table `tblvehicles`
--
ALTER TABLE `tblvehicles`
  MODIFY `id` int(11) NOT NULL AUTO_INCREMENT, AUTO_INCREMENT=11;
COMMIT;

/*!40101 SET CHARACTER_SET_CLIENT=@OLD_CHARACTER_SET_CLIENT */;
/*!40101 SET CHARACTER_SET_RESULTS=@OLD_CHARACTER_SET_RESULTS */;
/*!40101 SET COLLATION_CONNECTION=@OLD_COLLATION_CONNECTION */;
